iucn_sid,sciname,class,common,category
13486514,Ablennes hians,actinopterygii,Flat Needlefish,LC
188467,Abudefduf sordidus,actinopterygii,Yellow-banded Sergeant-major,LC
188453,Abudefduf septemfasciatus,actinopterygii,Seven-banded Sergeant-major,LC
188609,Abudefduf vaigiensis,actinopterygii,Five-banded Sergeant-major,LC
177960,Acanthurus achilles,actinopterygii,Achilles Tang,LC
177971,Acanthurus blochii,actinopterygii,Ringtail Surgeonfish,LC
177981,Acanthurus dussumieri,actinopterygii,Eyestripe Surgeonfish,LC
177995,Acanthurus guttatus,actinopterygii,Whitespotted Surgeonfish,LC
178011,Acanthurus leucopareius,actinopterygii,Whitebar Surgeonfish,LC
177993,Acanthurus lineatus,actinopterygii,Lined Surgeonfish,LC
177994,Acanthurus leucocheilus,actinopterygii,Palelipped Surgeonfish,LC
177957,Acanthurus maculiceps,actinopterygii,Spotted-face Surgeonfish,LC
177967,Acanthurus mata,actinopterygii,Elongate Surgeonfish,LC
177969,Acanthurus nigricans,actinopterygii,Golden Rim Surgeonfish,LC
178019,Acanthurus nigrofuscus,actinopterygii,Brown Surgeonfish,LC
178017,Acanthurus nigricauda,actinopterygii,Blackstreak Surgeonfish,LC
177999,Acanthurus nigroris,actinopterygii,Bluelined Surgeonfish,LC
177991,Acanthurus olivaceus,actinopterygii,Orange band Surgeonfish,LC
178022,Acanthurus pyroferus,actinopterygii,Mimic Surgeonfish,LC
170331,Acanthocybium solandri,actinopterygii,Wahoo,LC
178008,Acanthurus thompsoni,actinopterygii,Thompson's Surgeonfish,LC
177965,Acanthurus triostegus,actinopterygii,Convict Surgeonfish,LC
177989,Acanthurus xanthopterus,actinopterygii,Yellowfin Surgeonfish,LC
39415,Aetobatus narinari,chondrichthyes,Spotted Eagle Ray,NT
194299,Albula glossodonta,actinopterygii,Shortjaw Bonefish,VU
190125,Aluterus scriptus,actinopterygii,Scribbled Leatherjacket Filefish,LC
"NA",Amblygobius phalaena,actinopterygii,Whitebarred goby,NE
69921994,Amanses scopas,actinopterygii,Broom Filefish,LC
187716,Anampses caeruleopunctatus,actinopterygii,Bluespotted Wrasse,LC
"NA",Antennarius coccineus,actinopterygii,NA,NE
155146,Anampses melanurus,actinopterygii,White-spotted Wrasse,LC
187723,Anampses meleagrides,actinopterygii,Spotted Wrasse,LC
187784,Anampses twistii,actinopterygii,Yellowbreasted Wrasse,LC
"NA",Apogon angustatus,actinopterygii,NA,NE
194289,Aphareus furca,actinopterygii,Small-toothed Jobfish,LC
165822,Apolemichthys griffisi,actinopterygii,Griffis Angelfish,LC
"NA",Apogon kallopterus,actinopterygii,NA,NE
194379,Aprion virescens,actinopterygii,Green Jobfish,LC
165841,Apolemichthys xanthopunctatus,actinopterygii,Goldspotted Angelfish,LC
193699,Arothron hispidus,actinopterygii,White-spotted Puffer,LC
193662,Arothron meleagris,actinopterygii,Guineafowl Puffer,LC
193804,Arothron nigropunctatus,actinopterygii,Blackspotted Puffer,LC
193191,Asterropteryx semipunctata,actinopterygii,Star-finned Goby,LC
48342346,Aspidontus taeniatus,actinopterygii,Cleaner Mimic,LC
20256729,Atule mate,actinopterygii,Yellowtail Scad,LC
65134886,Aulostomus chinensis,actinopterygii,Chinese Trumpetfish,LC
"NA",Balistapus undulatus,actinopterygii,Orange-lined triggerfish,NE
"NA",Balistoides viridescens,actinopterygii,Titan triggerfish,NE
187516,Bodianus axillaris,actinopterygii,Turncoat hogfish,LC
187744,Bodianus loxozonus,actinopterygii,Blackfin Hogfish,LC
154833,Bothus mancus,actinopterygii,Flowery Flounder,LC
63571,Bolbometopon muricatum,actinopterygii,Green Humphead Parrotfish,VU
187571,Bodianus prognathus,actinopterygii,NA,LC
46076701,Brotula multibarbata,actinopterygii,Pacific Bearded Brotula,LC
39365,Carcharhinus amblyrhynchos,chondrichthyes,Grey Reef Shark,NT
161526,Carcharhinus albimarginatus,chondrichthyes,Silvertip Shark,VU
193675,Canthigaster amboinensis,actinopterygii,Spider-eye Puffer,LC
190688,Calotomus carolinus,actinopterygii,Carolines Parrotfish,LC
155097,Caesio caerulaurea,actinopterygii,Blue and Gold Fusilier,LC
69922228,Cantherhines dumerilii,actinopterygii,Whitespotted Filefish,LC
20429455,Carangoides ferdau,actinopterygii,Blue Trevally,LC
41736,Carcharhinus galapagensis,chondrichthyes,Galapagos Shark,LC
20430651,Caranx ignobilis,actinopterygii,Giant Trevally,LC
193766,Canthigaster janthinoptera,actinopterygii,Honeycomb Toby,LC
16431757,Caranx lugubris,actinopterygii,Black Jack,LC
69793032,Caracanthus maculatus,actinopterygii,Spotted Coral Croucher,LC
20430679,Caranx melampygus,actinopterygii,Bluefin Trevally,LC
39375,Carcharhinus melanopterus,chondrichthyes,Blacktip Reef Shark,NT
20429869,Carangoides orthogrammus,actinopterygii,Island Trevally,LC
70010275,Cantherhines pardalis,actinopterygii,Honeycomb Filefish,LC
155130,Caranx sexfasciatus,actinopterygii,Bigeye Trevally,LC
193775,Canthigaster solandri,actinopterygii,Spotted Sharpnose,LC
20250059,Caesio teres,actinopterygii,Yellow and Blueback Fusilier,LC
132781,Cephalopholis argus,actinopterygii,Peacock Grouper,LC
165828,Centropyge fisheri,actinopterygii,Hawaiian Flame Angelfish,LC
165878,Centropyge flavissima,actinopterygii,Lemonpeel Angelfish,LC
132737,Cephalopholis leopardus,actinopterygii,Leopard Hind,LC
155308,Centropyge loricula,actinopterygii,Flame Angel,LC
132732,Cephalopholis miniata,actinopterygii,Coral Hind,LC
132741,Cephalopholis sexmaculata,actinopterygii,Six-blotch Hind,LC
132783,Cephalopholis urodeta,actinopterygii,Darkfin Hind,LC
"NA",Chromis acares,actinopterygii,Midget chromis,NE
"NA",Chromis agilis,actinopterygii,Agile chromis,NE
165631,Chaetodon auriga,actinopterygii,Threadfin Butterflyfish,LC
165686,Chaetodon bennetti,actinopterygii,Bluelashed Butterflyfish,DD
"NA",Chrysiptera biocellata,actinopterygii,Twinspot damselfish,NE
60324,Chanos chanos,actinopterygii,Milkfish,LC
165668,Chaetodon citrinellus,actinopterygii,Speckled Butterflyfish,LC
165708,Chaetodon declivis,actinopterygii,Marquesas Butterflyfish,LC
165681,Chaetodon ephippium,actinopterygii,Saddle-back Butterflyfish,LC
4360,Chaetodon flavocoronatus,actinopterygii,Yellow-crowned Butterflyfish,LC
190762,Chlorurus frontalis,actinopterygii,Tan-faced Parrotfish,LC
"NA",Chrysiptera glauca,actinopterygii,Grey demoiselle,NE
165628,Chaetodon kleinii,actinopterygii,Whitespotted Butterflyfish,LC
"NA",Chromis lepidolepis,actinopterygii,Scaly chromis,NE
165669,Chaetodon lineolatus,actinopterygii,Lined Butterflyfish,LC
165704,Chaetodon lunulatus,actinopterygii,Pacific Pinstriped Butterflyfish,LC
165651,Chaetodon lunula,actinopterygii,Redstriped Butterflyfish,LC
"NA",Chromis margaritifer,actinopterygii,Bicolor chromis,NE
190728,Chlorurus microrhinos,actinopterygii,Steephead Parrotfish,LC
165638,Chaetodon meyeri,actinopterygii,Scrawled Butterflyfish,LC
165641,Chaetodon ornatissimus,actinopterygii,Ornate Butterflyfish,LC
187649,Cheilinus oxycephalus,actinopterygii,Point-head maori wrasse,LC
165632,Chaetodon punctatofasciatus,actinopterygii,Spotted Belly Butterflyfish,LC
"NA",Cheilodipterus quinquelineatus,actinopterygii,Five-lined cardinalfish,NE
165678,Chaetodon quadrimaculatus,actinopterygii,Neonbanded Butterflyfish,LC
165713,Chaetodon reticulatus,actinopterygii,Reticulated Butterflyfish,DD
165725,Chaetodon semeion,actinopterygii,Decorated Butterflyfish,LC
190715,Chlorurus sordidus,actinopterygii,Daisy Parrotfish,LC
"NA",Chromis ternatensis,actinopterygii,Ternate chromis,NE
154623,Cheilinus trilobatus,actinopterygii,Tripletail Wrasse,LC
165712,Chaetodon trifascialis,actinopterygii,Triangulate Butterflyfish,NT
4592,Cheilinus undulatus,actinopterygii,Humphead Wrasse,EN
165665,Chaetodon ulietensis,actinopterygii,Pacific Double-saddled Butterflyfish,LC
165714,Chaetodon unimaculatus,actinopterygii,Teardrop Butterfly Fish,LC
"NA",Chromis vanderbilti,actinopterygii,Vanderbilt's chromis,NE
165630,Chaetodon vagabundus,actinopterygii,Criss-cross Butterflyfish,LC
"NA",Chromis viridis,actinopterygii,Blue green damselfish,NE
"NA",Chromis xanthura,actinopterygii,Paletail chromis,NE
187461,Cirrhilabrus exquisitus,actinopterygii,Exquisite wrasse,DD
67996584,Cirrhitops hubbardi,actinopterygii,NA,LC
67997668,Cirrhitichthys oxycephalus,actinopterygii,Coral Hawkfish,LC
67997787,Cirrhitus pinnulatus,actinopterygii,Stocky Hawkfish,LC
48342248,Cirripectes polyzona,actinopterygii,Barred Blenny,LC
48342402,Cirripectes variolosus,actinopterygii,Banded Fringe Blenny,LC
187802,Coris aygula,actinopterygii,False clownwrasse,LC
187792,Coris centralis,actinopterygii,NA,LC
199200,Conger cinereus,actinopterygii,Ashen Conger Eel,LC
187436,Coris gaimard,actinopterygii,African clown wrasse,LC
177958,Ctenochaetus cyanocheilus,actinopterygii,Short-tail bristle-tooth,LC
178018,Ctenochaetus flavicauda,actinopterygii,Whitetail Bristletooth,LC
178014,Ctenochaetus hawaiiensis,actinopterygii,Hawaiian Bristletooth,LC
177964,Ctenochaetus marginatus,actinopterygii,Blue-spotted Bristletooth,LC
178012,Ctenochaetus striatus,actinopterygii,Striped Bristletooth,LC
"NA",Dascyllus aruanus,actinopterygii,Whitetail dascyllus,NE
"NA",Dascyllus auripinnis,actinopterygii,NA,NE
69793564,Dendrochirus biocellatus,actinopterygii,Twospot Turkeyfish,LC
190117,Decapterus macarellus,actinopterygii,Mackerel Scad,LC
193668,Diodon hystrix,actinopterygii,Spot-fin Porcupinefish,LC
48342333,Ecsenius midas,actinopterygii,Midas Blenny,LC
195683,Echidna nebulosa,actinopterygii,Snowflake Eel,LC
16440027,Elagatis bipinnulata,actinopterygii,Rainbow Runner,LC
178932,Enneapterygius tutuilae,actinopterygii,High Hat Triplefin,LC
132817,Epinephelus fasciatus,actinopterygii,Blacktip Grouper,LC
44673,Epinephelus fuscoguttatus,actinopterygii,Brown-marbled Grouper,VU
132778,Epinephelus hexagonatus,actinopterygii,White Speckled Rockcod,LC
132829,Epinephelus howlandi,actinopterygii,Blacksaddle Grouper,LC
187722,Epibulus insidiator,actinopterygii,Sling-jaw wrasse,LC
7858,Epinephelus lanceolatus,actinopterygii,Giant Grouper,DD
132766,Epinephelus macrospilos,actinopterygii,Snubnose Grouper,LC
132788,Epinephelus merra,actinopterygii,Honeycomb Grouper,LC
132746,Epinephelus melanostigma,actinopterygii,One-blotch Grouper,LC
61339,Epinephelus polyphekadion,actinopterygii,Camouflage Grouper,VU
132794,Epinephelus retouti,actinopterygii,Red-tipped Grouper,LC
132747,Epinephelus spilotoceps,actinopterygii,Foursaddle Grouper,LC
132731,Epinephelus socialis,actinopterygii,Surge Grouper,LC
132758,Epinephelus tauvina,actinopterygii,Greasy Grouper,DD
193159,Eviota prasites,actinopterygii,Hairfin Eviota,LC
48342137,Exallias brevis,actinopterygii,Leopard Blenny,LC
18257780,Fistularia commersonii,actinopterygii,Bluespotted Cornetfish,LC
165716,Forcipiger flavissimus,actinopterygii,Big long-nosed Butterflyfish,LC
165667,Forcipiger longirostris,actinopterygii,Black Long-nosed Butterflyfish,LC
193167,Fusigobius neophytus,actinopterygii,Common Fusegoby,LC
39378,Galeocerdo cuvier,chondrichthyes,Tiger Shark,NT
16719296,Gnathodentex aureolineatus,actinopterygii,Striped Large-eye Bream,LC
193171,Gobiodon rivulatus,actinopterygii,Rippled Coralgoby,LC
187536,Gomphosus varius,actinopterygii,Purple club-nosed wrasse,LC
132800,Gracila albomarginata,actinopterygii,Masked Grouper,LC
69584408,Grammistes sexlineatus,actinopterygii,Goldenstriped Soapfish,LC
4615,Chelonia mydas,reptilia,Green Turtle,EN
195728,Gymnothorax flavimarginatus,actinopterygii,Yellow Edged Moray,LC
195741,Gymnothorax javanicus,actinopterygii,Giant Moray,LC
195754,Gymnothorax meleagris,actinopterygii,Painted Moray,LC
170342,Gymnosarda unicolor,actinopterygii,Dogtooth Tuna,LC
195803,Gymnothorax undulatus,actinopterygii,Undulated Moray,LC
187673,Halichoeres hortulanus,actinopterygii,Checkerboard wrasse,LC
187564,Halichoeres melasmapomus,actinopterygii,Ocellated wrasse,LC
187443,Halichoeres margaritaceus,actinopterygii,Pearl-spotted wrasse,LC
154904,Halichoeres ornatissimus,actinopterygii,Ornate Wrasse,LC
187474,Halichoeres trimaculatus,actinopterygii,Three-spot wrasse,LC
16749737,Heteropriacanthus cruentatus,actinopterygii,Glasseye Snapper,LC
187373,Hemigymnus fasciatus,actinopterygii,Barred thicklip wrasse,LC
"NA",Helcogramma striatum,actinopterygii,NA,NE
154788,Hemitaurichthys thompsoni,actinopterygii,Thompson's Butterflyfish,LC
190745,Hipposcarus longiceps,actinopterygii,Pacific Longnose Parrotfish,LC
8005,Eretmochelys imbricata,reptilia,Hawksbill Turtle,CR
187698,Hologymnosus annulatus,actinopterygii,Narrow-banded rainbowfish,LC
187527,Hologymnosus doliatus,actinopterygii,Narrow-banded wrasse,LC
"NA",Kuhlia sandvicensis,actinopterygii,Hawaiian flagtail,NE
46086162,Kyphosus cinerascens,actinopterygii,Blue Sea Chub,LC
"NA",Kyphosus pacificus,actinopterygii,Pacific drummer,NE
46086190,Kyphosus vaigiensis,actinopterygii,Brassy Chub,LC
187767,Labroides bicolor,actinopterygii,Two-colour cleaner wrasse,LC
187396,Labroides dimidiatus,actinopterygii,Blue-streak cleaner wrasse,LC
187575,Labroides pectoralis,actinopterygii,Gold barrier reef cleaner,LC
187755,Labroides rubrolabiatus,actinopterygii,Redlip cleaner wrasse,LC
187631,Labrichthys unilineatus,actinopterygii,Tube-mouth wrasse,LC
187497,Labropsis xanthonota,actinopterygii,Wedge-tailed wrasse,LC
16720328,Lethrinus olivaceus,actinopterygii,Longface Emperor,LC
"NA",Lepidozygus tapeinosoma,actinopterygii,Fusilier damselfish,NE
16720577,Lethrinus xanthochilus,actinopterygii,Yellowlip Emperor,LC
"NA",Liza vaigiensis,actinopterygii,NA,NE
194363,Lutjanus bohar,actinopterygii,Two-spot Red Snapper,LC
194377,Lutjanus fulvus,actinopterygii,Blacktail Snapper,LC
194385,Lutjanus gibbus,actinopterygii,Humpback Red Snapper,LC
194376,Lutjanus monostigma,actinopterygii,One-spot Snapper,LC
"NA",Manta birostris,actinopterygii,NA,NE
"NA",Malacanthus latovittatus,actinopterygii,Blue blanquillo,NE
187692,Macropharyngodon meleagris,actinopterygii,Blackspotted wrasse,LC
193609,Melichthys niger,actinopterygii,Black Triggerfish,LC
"NA",Melichthys vidua,actinopterygii,Pinktail triggerfish,NE
16720607,Monotaxis grandoculis,actinopterygii,Humpnose Big-eye Bream,LC
50903119,Mulloidichthys flavolineatus,actinopterygii,Yellowstripe Goatfish,LC
69181822,Mulloidichthys mimicus,actinopterygii,Mimic goatfish,LC
69181884,Mulloidichthys vanicolensis,actinopterygii,Yellowfin goatfish,LC
67869125,Myripristis adusta,actinopterygii,Shadowfin Soldierfish,LC
67869551,Myripristis amaena,actinopterygii,Brick Soldierfish,LC
67869566,Myripristis berndti,actinopterygii,Blotcheye Soldierfish,LC
67869976,Myripristis earlei,actinopterygii,Earle's Soldierfish ,LC
67871020,Myripristis kuntee,actinopterygii,Shoulderbar Soldierfish,LC
67871036,Myripristis murdjan,actinopterygii,Pinecone Soldierfish,LC
67871136,Myripristis woodsi,actinopterygii,Whitespot Soldierfish ,LC
177988,Naso annulatus,actinopterygii,Whitemargin Unicornfish,LC
177990,Naso brevirostris,actinopterygii,Palefin Unicornfish,LC
178013,Naso caesius,actinopterygii,Gray Unicornfish,LC
178002,Naso hexacanthus,actinopterygii,Sleek Unicornfish,LC
177950,Naso lituratus,actinopterygii,Orange Spine Surgeonfish,LC
177970,Naso unicornis,actinopterygii,Bluespine Unicornfish,LC
155120,Naso vlamingii,actinopterygii,Bignose Unicornfish,LC
155229,Nemateleotris magnifica,actinopterygii,Fire Dartfish,LC
67871260,Neoniphon opercularis,actinopterygii,Blackfin Squirrelfish,LC
67871355,Neoniphon sammara,actinopterygii,Sammara Squirrelfish,LC
187441,Novaculichthys taeniourus,actinopterygii,Olive-scribbled wrasse,LC
"NA",Odonus niger,actinopterygii,Red-toothed triggerfish,NE
"NA",Ostracion meleagris,actinopterygii,Whitespotted boxfish,NE
187466,Oxycheilinus digramma,actinopterygii,Cheek-lined Maori wrasse,LC
187674,Oxycheilinus unifasciatus,actinopterygii,Whiteband maori wrasse,LC
67997869,Paracirrhites arcatus,actinopterygii,Arc-eye Hawkfish,LC
69181941,Parupeneus barberinus,actinopterygii,Dash-and-dot goatfish,LC
69182011,Parupeneus cyclostomus,actinopterygii,Gold-saddle goatfish,LC
193150,Paragobiodon echinocephalus,actinopterygii,Redhead Goby,LC
67997879,Paracirrhites forsteri,actinopterygii,Blackside Hawkfish,LC
67997886,Paracirrhites hemistictus,actinopterygii,Whitespot Hawkfish,LC
69182291,Parupeneus insularis,actinopterygii,Twosaddle goatfish,LC
154670,Parupeneus multifasciatus,actinopterygii,Banded Goatfish,LC
70011147,Pervagor janthinosoma,actinopterygii,Blackbar Filefish,LC
70011154,Pervagor marginalis,actinopterygii,NA,DD
"NA",Pempheris oualensis,actinopterygii,Blackspot sweeper,NE
"NA",Plectroglyphidodon dickii,actinopterygii,Blackbar devil,NE
"NA",Plectroglyphidodon imparipennis,actinopterygii,Brighteye damselfish,NE
"NA",Plectroglyphidodon johnstonianus,actinopterygii,Johnston Island damsel,NE
64412,Plectropomus laevis,actinopterygii,Blacksaddled Coral Grouper,LC
"NA",Plectroglyphidodon phoenixensis,actinopterygii,Phoenix devil,NE
48342477,Plagiotremus rhinorhynchos,actinopterygii,Bluestriped Fangblenny,LC
48342366,Plagiotremus tapeinosoma,actinopterygii,Piano Fangblenny,LC
"NA",Pomacentrus brachialis,actinopterygii,Charcoal damsel,NE
"NA",Pomacentrus coelestis,actinopterygii,Neon damselfish,NE
165862,Pomacanthus imperator,actinopterygii,Emperor Angelfish,LC
187642,Pseudocoris aurantiofasciata,actinopterygii,Rust-banded wrasse,LC
69589636,Pseudanthias bartlettorum,actinopterygii,Bartlett's Anthias,LC
187626,Pseudojuloides cerasinus,actinopterygii,Long blue-lined wrasse,DD
69590742,Pseudanthias dispar,actinopterygii,Peach Fairy Basslet,LC
187658,Pseudocheilinus evanidus,actinopterygii,Disappearing wrasse,LC
"NA",Pseudobalistes flavimarginatus,actinopterygii,Yellowmargin triggerfish,NE
187477,Pseudocheilinus hexataenia,actinopterygii,Six-line wrasse,LC
187688,Pseudocoris heteroptera,actinopterygii,Torpedo wrasse,LC
187713,Pseudodax moluccanus,actinopterygii,Chisel-tooth wrasse,LC
187621,Pseudocheilinus octotaenia,actinopterygii,Eightstripe wrasse,LC
69591446,Pseudanthias olivaceus,actinopterygii,NA,LC
187547,Pseudocoris yamashiroi,actinopterygii,Yamashiro's wrasse,LC
69799447,Pterois antennata,actinopterygii,Broadbared Lionfish,LC
69179838,Ptereleotris evides,actinopterygii,Blackfin Dartfish,LC
69181442,Ptereleotris heteroptera,actinopterygii,Blacktail Goby,LC
20252738,Pterocaesio marri,actinopterygii,Marr's Fusilier,LC
"NA",Ptereleotris microlepis,actinopterygii,Blue gudgeon,NE
20253151,Pterocaesio tile,actinopterygii,Dark-banded Fusilier,LC
69181519,Ptereleotris zebra,actinopterygii,Chinese Zebra Goby,LC
165885,Pygoplites diacanthus,actinopterygii,Royal Angelfish,LC
"NA",Rhinecanthus aculeatus,actinopterygii,White-banded triggerfish,NE
"NA",Rhinecanthus rectangulus,actinopterygii,Wedge-tail triggerfish,NE
67900607,Sargocentron caudimaculatum,actinopterygii,Silverspot Squirrelfish,LC
67901205,Sargocentron diadema,actinopterygii,Crown Squirrelfish,LC
67852269,Saurida gracilis,actinopterygii,Gracile Lizardfish,LC
67902908,Sargocentron microstoma,actinopterygii,Smallmouth Squirrelfish,LC
67902985,Sargocentron punctatissimum,actinopterygii,Speckled Squirrelfish,LC
67903042,Sargocentron spiniferum,actinopterygii,Sabre Squirrelfish,LC
67903124,Sargocentron tiere,actinopterygii,Blue Lined Squirrelfish ,LC
190726,Scarus altipinnis,actinopterygii,Filament-finned Parrotfish,LC
190747,Scarus forsteni,actinopterygii,Forsten's Parrotfish,LC
190755,Scarus frenatus,actinopterygii,Bridled Parrotfish,LC
190705,Scarus ghobban,actinopterygii,Blue-barred Parrotfish,LC
190694,Scarus globiceps,actinopterygii,Globehead Parrotfish,LC
20434766,Scomberoides lysan,actinopterygii,Doublespotted Queenfish,LC
190740,Scarus niger,actinopterygii,Dusky Parrotfish,LC
154960,Scarus oviceps,actinopterygii,Blue Parrotfish,LC
69918402,Scorpaenodes parvipinnis,actinopterygii,Lowfin Scorpionfish,LC
190736,Scarus psittacus,actinopterygii,Common Parrotfish,LC
190731,Scarus rubroviolaceus,actinopterygii,Ember Parrotfish,LC
190713,Scarus spinus,actinopterygii,Greensnout Parrotfish,LC
190704,Scarus tricolor,actinopterygii,Tricolour Parrotfish,LC
190388,Selar crumenophthalmus,actinopterygii,Bigeye Scad,LC
69919569,Sebastapistes cyanostigma,actinopterygii,Yellowspotted Scorpionfish,LC
198643,Seriola dumerili,actinopterygii,Greater Amberjack,LC
190399,Sphyraena barracuda,actinopterygii,Great Barracuda,LC
"NA",Sphyraena helleri,actinopterygii,Heller's barracuda,NE
39385,Sphyrna lewini,chondrichthyes,Scalloped Hammerhead,CR
39386,Sphyrna mokarran,chondrichthyes,Great Hammerhead,CR
"NA",Sphyraena qenie,actinopterygii,Blackfin barracuda,NE
"NA",Stegastes albifasciatus,actinopterygii,Whitebar gregory,NE
"NA",Stegastes aureus,actinopterygii,Golden gregory,NE
187424,Stethojulis bandanensis,actinopterygii,Red-spot rainbowfish,LC
"NA",Stegastes fasciolatus,actinopterygii,Pacific gregory,NE
"NA",Stegastes lividus,actinopterygii,NA,NE
"NA",Stegastes nigricans,actinopterygii,Dusky farmerfish,NE
"NA",Sufflamen bursa,actinopterygii,Boomerang triggerfish,NE
"NA",Sufflamen chrysopterum,actinopterygii,Halfmoon triggerfish,NE
67856085,Synodus variegatus,actinopterygii,Variegated Lizardfish,LC
21857,Thunnus albacares,actinopterygii,Yellowfin Tuna,NT
187490,Thalassoma amblycephalum,actinopterygii,Bluntheaded wrasse,LC
187559,Thalassoma hardwicke,actinopterygii,Six-banded wrasse,LC
187381,Thalassoma lunare,actinopterygii,Crescent-Tail Wrasse,LC
187685,Thalassoma lutescens,actinopterygii,Yellow-brown wrasse,LC
187746,Thalassoma purpureum,actinopterygii,Purple wrasse,LC
187733,Thalassoma quinquevittatum,actinopterygii,Five striped surge wrasse,LC
187707,Thalassoma trilobatum,actinopterygii,Green-blocked wrasse,LC
39384,Triaenodon obesus,chondrichthyes,Whitetip Reef Shark,NT
183274,Tylosurus crocodilus,actinopterygii,Hound Needlefish,LC
132738,Variola louti,actinopterygii,Yellow-edged Lyretail,LC
193085,Valenciennea strigata,actinopterygii,Golden-head Sleeper-goby,LC
"NA",Xanthichthys auromarginatus,actinopterygii,Gilded triggerfish,NE
"NA",Xanthichthys caeruleolineatus,actinopterygii,Outrigger triggerfish,NE
69741115,Zanclus cornutus,actinopterygii,Moorish Idol,LC
178001,Zebrasoma rostratum,actinopterygii,Longnose Tang,DD
178005,Zebrasoma scopas,actinopterygii,Brushtail Tang,LC
178010,Zebrasoma veliferum,actinopterygii,Sailfin Tang,LC
